Description,Price/Unit,Unit,Price/Measure,Measure
IAMS Small to Medium Puppy & Junior Dry Dog Food 2kg,5.00,unit,2.50,kg
IAMS Vitality ProActive Health Dog Food for Overweight Dogs for All Breeds 2kg,5.00,unit,2.50,kg
IAMS Vitality Senior & Active Dry Dog Food 2kg,5.00,unit,2.50,kg
Felix Cat Food Fish Selection In Jelly 12 X 100G,3.00,unit,2.50,kg
Sainsbury's Wood Cat Litter 10L,4.50,unit,45p,ltr
Felix As Good As It Looks Cat Food Ocean Feasts In Jelly 12x100g,3.50,unit,2.92,kg
Catsan Hygiene Cat Litter Bag 10L,7.00,unit,70p,ltr
Sheba Select Slices in Gravy Wet Adult 1+ Cat Food Tray Chicken 85g,55p,unit,6.47,kg
Felix As Good As It Looks Doubly Delicious Cat Food Meat 12x100g,3.50,unit,2.92,kg
Felix As Good As It Looks Cat Food Meat Selection 12x100g,3.50,unit,2.92,kg
Dettol Laundry Sanitiser Antibacterial Liquid Additive Fresh Cotton 1.5L,3.00,unit,2.00,ltr
Sainsburys Cat Milk 3x200ml,1.75,unit,2.92,ltr
Catsan Hygiene  Cat Litter Bag 20L,13.00,unit,65p,ltr
Dreamies Adult 1+ Cat Treat Biscuits with Chicken 60g,95p,unit,15.83,kg
Dettol Antibacterial Disinfectant Multi Surface Cleaning Wipes x110,3.00,unit,3p,wipe
Sainsbury's Complete Nutrition 1+ Adult Cat Food Meat & Fish Selection in Jelly 12x400g,5.00,unit,1.04,kg
Gourmet Solitaire Tinned Cat Food With Beef 85g,60p,unit,7.06,kg
Felix As Good As It Looks Cat Food Mixed 40 X 100g,11.00,unit,2.75,kg
Dreamies Adult 1+ Cat Treat Biscuits with Cheese 60g,95p,unit,15.83,kg
Gourmet Gold Tinned Cat Food Pate With Ocean Fish 85g,55p,unit,6.47,kg
Sainsbury's Farmhouse Kitchen Adult Dog Smooth Pt With Chicken & Turkey 300g,55p,unit,1.83,kg
Sainsbury's Complete Nutrition Adult Dog Food Meat Selection in Jelly 12 x 400g,4.75,unit,99p,kg
Sheba Fresh Choice Cat Pouches Mixed Fish Collection in Gravy 6x50g,1.50,unit,5.00,kg
Sheba Fine Flakes in Sauce Wet Adult 1+ Cat Food Tray with Salmon 85g,55p,unit,6.47,kg
Cesar Classics Loaf Wet Adult 1+ Dog Food Tray with Chicken and Turkey 150g,85p,unit,5.67,kg
Sainsbury's Dental Sticks for Medium Dogs x14 360g,1.45,unit,4.03,kg
Whiskas in Jelly Wet Senior 7+ Cat Food  Pouches Poultry 12x100g,3.50,unit,2.92,kg
Felix Cat Food Mixed Selection In Jelly 40x100g,9.90,unit,2.48,kg
Whiskas Temptations Adult 1+ Cat Treat with Chicken 60g,1.00,unit,16.67,kg
Bakers Allsorts Dog Treats Chicken and Beef 98g,95p,unit,9.69,kg
Sainsbury's Cat Treat Deli Cat Sticks Chicken & Liver x10,79p,unit,15.80,kg
Felix As Good As It Looks Doubly Delicious Cat Food Fish 12x100g,3.50,unit,2.92,kg
Pedigree Dentastix Daily Adult 1+ Medium Dog Treats Dental Chews x7 Sticks,1.75,unit,9.72,kg
Sheba Fine Recipes in Sauce Wet Adult 1+ Cat Food Tray with Turkey 85g,55p,unit,6.47,kg
Dettol All in One Disinfectant Antibacterial Spray Crisp Linen 400ml,3.00,unit,7.50,ltr
Felix Senior Cat Food Mixed In Jelly 12 X 100g,3.00,unit,2.50,kg
Chappie Wet Adult 1+ Dog Food Tin Favourites in Loaf 6x412g,5.25,unit,2.12,kg
Felix As Good As It Looks Cat Food Pouch Chicken 100g,55p,unit,5.50,kg
Gourmet Solitaire Tinned Cat Food With Duck 85g,60p,unit,7.06,kg
Sainsbury's Dog Treats Gravy Bones 400g,90p,unit,2.25,kg
Webbox Lick-e-lix Cat Treat Chicken 5x15g,1.00,unit,13.33,kg
Gourmet Perle Cat Food Chefs Collection Mixed 12X85g,4.00,unit,3.92,kg
Sainsbury's Delicious Recipes 1+ Adult Cat Food Tuna in Jelly 85g,75p,unit,8.82,kg
Pedigree Dentastix Daily Adult 1+ Small Dog Treat Dental Chew Sticks x7,1.50,unit,13.64,kg
Gourmet Perle Cat Food Pouches Ocean Delicacies 12x85g,4.00,unit,3.92,kg
Webbox Cats Delight Salmon & Trout Sticks x6,1.00,unit,33.33,kg
Bakers Sizzlers Dog Treats Bacon 90g,95p,unit,10.56,kg
Gourmet Mon Petit Cat Food Pouches Fish 6 X 50g,1.50,unit,5.00,kg
Whiskas in Jelly Wet Adult 1+ Cat Food Pouches Fish 12x100g,3.50,unit,2.92,kg
Sheba Classics in Terrine Wet Adult 1+ Cat Food  Tray with Chicken 85g,55p,unit,6.47,kg
Whiskas Dry Adult 1+ Cat Food Biscuits with Chicken 2kg,4.50,unit,2.25,kg
Sainsbury's Complete Nutrition Adult Dog Food Meat Selection in Gravy 12 x 400g,4.75,unit,99p,kg
Sainsbury's Cat Treat Deli Cat Sticks Salmon & Trout x10,79p,unit,15.80,kg
Sainsbury's 1+ Adult Cat Food Smooth Pt with Turkey & Chicken 100g,30p,unit,3.00,kg
Felix As Good As It Looks Senior Cat Food Fish 12x100g,3.50,unit,2.92,kg
Whiskas in Jelly Wet Senior 7+ Cat Food Pouches Fish 12x100g,3.50,unit,2.92,kg
Good Boy Pawsley & Co Chewy Chicken Dumbbells Dog Treats 100g,2.25,unit,22.50,kg
Go-Cat Adult Dry Cat Food Chicken And Duck 825g,2.25,unit,2.73,kg
Felix Cat Food Mixed Selection In Gravy 12 X 100g,3.00,unit,2.50,kg
Febreze Cotton Fresh Air Freshener 300ml,2.00,unit,6.67,ltr
Pedigree Tasty Minis Adult 1+ Dog Treats with Cheese and Beef 140g,1.00,unit,7.14,kg
Sainsbury's Complete Nutrition 1+ Adult Cat Food Meat & Fish Selection in Jelly 12x100g,2.25,unit,1.88,kg
Whiskas in Jelly Wet Adult 1+ Cat Food Pouches Fish and Meat 12x100g,3.50,unit,2.92,kg
Sainsbury's Complete Nutrition 1+ Adult Cat Food Meat & Fish Selection in Jelly 48x100g,8.00,unit,1.67,kg
Felix As Good As It Looks Doubly Delicious Senior Cat Food Meat 12 X 100g,3.50,unit,2.92,kg
Go-Cat Adult Dry Cat Food Chicken And Duck 2kg,4.00,unit,2.00,kg
Gourmet Mon Petit Cat Food Pouches Poultry 6x50g,1.50,unit,5.00,kg
Glade Shake 'n' Vac Citrus Blossom 500g,1.00,unit,1.00,ea
Butcher's Grain Free Dog Food Can 400g,75p,unit,1.88,kg
Good Boy Pawsley & Co Chewy Twists with Chicken Dog Treats 90g,2.50,unit,27.78,kg
Frank's Cat Litter 10L,1.55,unit,16p,ltr
Felix As Good As It Looks Cat Food Ocean Feasts 40 X 100g,11.00,unit,2.75,kg
Pedigree in Jelly Wet Adult 1+ Dog Food Tin Mixed Selection 12x385g,7.60,unit,1.65,kg
Pedigree Biscrok Gravy Bones Original Adult 1+ Treat  Biscuits 400g,2.00,unit,5.00,kg
Webbox Lick-e-lix Cat Treat Salmon 5x15g,1.00,unit,13.33,kg
Gourmet Solitaire Tinned Cat Food With Turkey 85g,60p,unit,7.06,kg
Gourmet Gold Tinned Cat Food Terrine With Salmon 85g,55p,unit,6.47,kg
Felix As Good As It Looks Cat Food Favourites 12X100g,3.50,unit,2.92,kg
Sainsbury's Farmhouse Kitchen Adult Dog Smooth Pt With Beef & Vegetables 300g,55p,unit,1.83,kg
Whiskas in Jelly Wet Adult 1+ Cat Food Pouches Poultry  12x100g,3.50,unit,2.92,kg
Felix As Good As It Looks Cat Food Veg 12 X 100g,3.50,unit,2.92,kg
Sainsbury's Dog Treats Mini Log Bones x4,1.00,unit,5.56,kg
Dreamies Mix Adult 1+ Cat Treat Biscuits with Cheese and Beef 60g,95p,unit,15.83,kg
Bonio The Original Biscuits Dog Food 1.2kg,3.20,unit,2.67,kg
Webbox Dogs Delight Tasty Sticks with Beef x6 30g,1.00,unit,33.33,kg
Encore Tuna n Broth Cat Tin 70g,80p,unit,11.43,kg
Dreamies Adult 1+ Cat Treat Biscuits with Salmon 60g,95p,unit,15.83,kg
Gourmet Perle Connoisseurs Cat Food Mixed 12x85g,4.00,unit,3.92,kg
Sainsbury's Complete Nutrition 1+ Adult Cat Food Meat Selection in Gravy 12x100g,2.25,unit,1.88,kg
Webbox Cats Delight Turkey & Lamb Sticks x6,1.00,unit,33.33,kg
Go-Cat Adult Dry Cat Food Tuna Herring And Veg 825g,2.25,unit,2.73,kg
Sheba Prime Cuts Wet Adult 1+  Cat Food Dome Tuna 80g,1.05,unit,13.13,kg
Whiskas in Gravy Wet Senior 7+ Cat Food Pouches Poultry 12x100g,3.50,unit,2.92,kg
Gourmet Perle Cat Food Pouches Country Medley 12X85g,4.00,unit,3.92,kg
Encore Cat Pouch Tuna with Whitebait in Broth 70g,1.00,unit,14.29,kg
Sainsbury's Dental Sticks for Large Dogs x14 540g,2.00,unit,3.70,kg
Sainsbury's Dog Treats Delicious Recipe Deli Sausages x8 60g,85p,unit,14.17,kg
Felix Goody Bag Cat Treats Seaside Mix 60g,90p,unit,15.00,kg
Bio-Catolet Paper Cat Litter 12L,6.00,unit,50p,ltr
Cesar Classics Loaf Wet Adult 1+ Dog Food Tray Mixed 8x150g,5.60,unit,4.67,kg
Sainsbury's Dental Sticks for Small Dogs x14 220g,1.40,unit,6.36,kg
Pedigree Dentastix Daily Adult 1+  Large Dog Treats Dental Chew Sticks x7,2.00,unit,7.41,kg
Whiskas in Jelly Wet Adult 1+ Cat Food Pouches Meaty 12x100g,3.50,unit,2.92,kg
Sainsbury's Dog Treats Meaty Rolls x15,1.00,unit,7.41,kg
Purina One Adult Dry Cat Food Chicken & Wholegrains 800g,4.00,unit,5.00,kg
Sainsbury's Complete Nutrition 7+ Senior Cat Food Meat & Fish Selection in Jelly 12x100g,2.25,unit,1.88,kg
Sainsbury's Meaty Strip Dog Treats with Chicken x20 200g,55p,unit,2.75,kg
Pedigree Dentastix Daily Adult 1+ Medium Dog Dental Treat Dental Chews Sticks x28,5.00,unit,6.94,kg
Felix Goody Bag Cat Treats Mixed Grill 60g,90p,unit,15.00,kg
Gourmet Gold Tinned Cat Food Savoury Cake Chicken 85g,55p,unit,6.47,kg
Whiskas in Jelly Wet Adult 1+ Mixed Cat Food Tin Fish 6x390g,4.50,unit,1.92,kg
RSPB Suet Balls x6 540g,1.70,unit,3.15,kg
Sainsbury's Dog Treats Deli Tripe Sticks x15,1.50,unit,16.67,kg
Felix As Good As It Looks Kitten Cat Food Mixed In Jelly 12X100g,3.50,unit,2.92,kg
Sainsbury's Complete Nutrition 1+ Adult Cat Food Fish Selection in Jelly 6x400g,2.60,unit,1.08,kg
Pedigree in Gravy Wet Adult 1+ Dog Food Tin Mixed Selection 12x400g,7.60,unit,1.58,kg
Sainsbury's Cat Litter Liners x6,1.25,unit,1.25,ea
Whiskas Temptations Adult 1+ Cat Treat with Salmon 60g,1.00,unit,16.67,kg
Sainsbury's Complete Nutrition Kitten Food Meat & Fish Selection in Jelly 12x100g,2.25,unit,1.88,kg
Whiskas in Jelly Wet Adult 1+ Cat Food Pouches Fish 40x100g,10.00,unit,2.50,kg
Sainsbury's Adult Dog Complete Nutrition in Jelly with Chicken 1.2kg,1.25,unit,1.04,kg
Bakers Whirlers Dog Treats Bacon And Cheese 130g,95p,unit,7.31,kg
Sainsbury's Cat Treat Snack Pockets with Chicken 65g,70p,unit,10.77,kg
Pedigree Markies Mini Adult 1+ Dog Treats Biscuits 500g,2.00,unit,4.00,kg
Sainsbury's Complete Nutrition 1+ Adult Cat Food Poultry Selection in Gravy 6x400g,2.60,unit,1.08,kg
Sheba Fine Flakes in Jelly Wet Adult 1+ Cat Food Tray with Chicken 85g,55p,unit,6.47,kg
Gourmet Gold Tinned Cat Food Chicken And Liver In Gravy 85g,55p,unit,6.47,kg
Felix Goody Bag Cat Treats Original Mix 60g,90p,unit,15.00,kg
Sainsbury's Farmhouse Kitchen Adult Dog Smooth Pt With Chicken & Turkey 150g,45p,unit,3.00,kg
Bakers Rewards Dog Treats Mixed Variety 100g,95p,unit,9.50,kg
Dreamies Mix Adult 1+ Cat Treat Biscuits with Chicken and Duck 60g,95p,unit,15.83,kg
Naturo Adult Dog Grain Free Chicken 400g,1.10,unit,2.75,kg
Misfits Scruffy Bites Adult 1+ Dog Treats Chews 180g,1.40,unit,7.78,kg
Dreamies Mix Adult 1+ Cat Treat Biscuits with Salmon and Tuna 60g,95p,unit,15.83,kg
Dettol Laundry Sanitiser Antibacterial Liquid Additive Fresh Cotton 2.5L,7.50,unit,3.00,ltr
Gourmet Perle Cat Food Pouches Seaside Duo 12x85g,4.00,unit,3.92,kg
Gourmet Mon Petit Cat Food Fish Pouch 6x50g,1.50,unit,5.00,kg
Sainsbury's Wild Bird Seed Mix 750g,90p,unit,1.20,kg
Whiskas Cat Milk Cat Treat Bottles 3x200ml,3.40,unit,5.67,ltr
Cesar Country Stew Selection 8x150g,5.60,unit,4.67,kg
Gourmet Mon Petit Cat Food Pouches Meat 6 X 50g,1.50,unit,5.00,kg
Go-Cat Crunchy And Tender Dry Cat Food Salmon 800g,2.30,unit,2.88,kg
Pedigree Dentastix Fresh Medium Dog Dental Chews Treat Sticks x7,1.25,unit,6.95,kg
Pedigree in Gravy Wet Adult 1+ Dog Food Pouches Mixed Selection 12x100g,3.50,unit,2.92,kg
Sainsbury's Complete Nutrition Senior Dog Food Meat Selection in Jelly 6 x 400g,2.50,unit,1.04,kg
Whiskas in Jelly Wet Adult 1+ Mixed Cat Food Tin Poultry 6x390g,4.50,unit,1.92,kg
Sainsbury's Complete Nutrition 1+ Adult Cat Food Fish Selection in Jelly 12x100g,2.25,unit,1.88,kg
Gourmet Perle Connoisseurs Duo Cat Food Meat 12 X 85g,4.00,unit,3.92,kg
Purina One Adult Dry Cat Food Salmon & Wholegrain 800g,4.00,unit,5.00,kg
Pedigree in Jelly Wet Adult 1+ Dog Food Tin Mixed Selection 6x385g,4.00,unit,1.73,kg
Good Boy Pawsley & Co Pigs Ears Dog Treats 4 Pieces,3.00,unit,75p,ea
Sainsbury's Dog Biscuit Selection 800g,1.70,unit,2.13,kg
Pedigree Mixer Dry Adult 1+ Medium Dog Food Original 1.5kg,3.55,unit,2.37,kg
Bakers Dental Delicious Medium Dog Chews Chicken 200g,1.50,unit,7.50,kg
Whiskas Dry Adult 1+ Cat Food Biscuits with Chicken 825g,3.00,unit,3.64,kg
Sainsbury's Complete Nutrition Adult Dog Food with Chicken in Jelly 400g,45p,unit,1.13,kg
Sainsbury's Wild Bird Seed Mix 4kg,3.50,unit,88p,kg
Sainsbury's Dog Treats Log Bones x2,1.00,unit,5.00,kg
Whiskas Dentabites Cat Treats with Chicken 50g,1.00,unit,20.00,kg
Butcher's Tripe Loaf Recipes 12x400g,7.25,unit,1.51,kg
Gourmet Gold Tinned Cat Food Savoury Cake Salmon 85g,55p,unit,6.47,kg
Sainsbury's Dog Biscuit Rolls with Beef 550g,1.00,unit,1.82,kg
Sainsbury's Doggy Donuts With Chicken 200g,1.00,unit,5.00,kg
Sainsbury's Complete Nutrition Adult Dog Food Meat Selection in Jelly 6 x 400g,2.50,unit,1.04,kg
Sainsbury's Cat Treat Snack Pockets with Catnip 65g,70p,unit,10.77,kg
Pedigree Dentastix Fresh Small Dog Dental Chews Treat Sticks x7,1.00,unit,9.09,kg
Gourmet Gold Tinned Cat Food Salmon And Chicken In Gravy 85g,55p,unit,6.47,kg
Vanish Gold Oxi Action Upholstery & Carpet Cleaner Foam 600ml,6.00,unit,10.00,ltr
Sainsbury's Dog Biscuit Bone Selection 650g,1.20,unit,1.85,kg
Whiskas Dry Senior 7+ Cat Food Biscuits with Chicken 825g,3.00,unit,3.64,kg
Sainsbury's Adult Fine Flakes 1+ Adult Cat Food with Chicken & Turkey in Gravy 100g,30p,unit,3.00,kg
Whiskas in Jelly Wet Kitten 2-12 Months Cat Food Pouches Fish 12x100g,3.50,unit,2.92,kg
Cesar Country Kitchen Gravy Wet Adult 1+ Dog Food Tray Beef Turkey 150g,85p,unit,5.67,kg
Bakers Dental Delicious Large Dog Chews Chicken  270g,1.90,unit,7.04,kg
Wagg Training Dog Treats 125g,1.00,unit,8.00,kg
Good Boy Pawsley & Co Crunchy Chicken & Calcium Bones Dog Treats 100g,2.25,unit,22.50,kg
Naturo Adult Dog Variety Pack 6x400g,5.85,unit,2.44,kg
Encore Cat Tin Chicken Breast in Broth 70g,80p,unit,11.43,kg
Winalot Shapes Dog Treat Biscuits 800g,1.90,unit,2.38,kg
Sainsbury's Complete Nutrition Adult Dog Food Meat Selection in Gravy 6 x 400g,2.50,unit,1.04,kg
Whiskas in Jelly Wet Adult 1+ Cat Food Pouches Poultry 40x100g,10.00,unit,2.50,kg
Sainsbury's Complete Nutrition Adult Dog Food with Chicken & Vegetables 5kg,4.00,unit,80p,kg
Felix Goody Bag Cat Treats Cheezy Mix 60g,90p,unit,15.00,kg
Sainsbury's Meaty Strip Dog Treats with Beef x20 200g,65p,unit,3.25,kg
Neutradol Air Freshner Spray Odour Destroyer 300ml,1.80,unit,6.00,ltr
Misfits Wonky Chomp Adult 1+ Large Liver Dog Treats Sticks Chews x2,1.40,unit,8.24,kg
Good Boy Pawsley & Co Small Chewy Braid Dog Treats 1 Pack,1.50,unit,27.27,kg
Pedigree Markies Adult 1+ Mini Dog Treats Biscuits with Marrowbone 500g,2.00,unit,4.00,kg
Felix As Good As It Looks Doubly Delicious Cat Food Ocean Recipes 12 X 100g,3.50,unit,2.92,kg
Classic Cat Can Meat 6x400g,3.20,unit,1.33,kg
Sainsbury's Cat Treat Snack Pockets with Salmon 65g,70p,unit,10.77,kg
Pedigree Tasty Minis Puppy 2-12 Months Dog Treats with Chicken 125g,1.00,unit,8.00,kg
Felix As Good As It Looks Senior Mixed Selection in Jelly Wet Cat Food 40x100g,11.00,unit,2.75,kg
Purina One Senior 7+ Dry Cat Food Chicken 800g,4.00,unit,5.00,kg
Sainsbury's Dog Treats Deli Sticks x6,1.20,unit,18.18,kg
Go-Cat Indoor Cat Dry Cat Food Chicken And Garden Greens 825g,2.25,unit,2.73,kg
Sainsbury's Dog Treats Twister with Chicken 120g,90p,unit,7.50,kg
Encore Cat Pouch Tuna Fillet with Prawn in Broth 70g,1.00,unit,14.29,kg
Pedigree in Gravy Wet Adult 1+ Dog Food Tin Mixed Country Casseroles 6x400g,4.00,unit,1.67,kg
Purina One Adult Dry Cat Food Chicken And Wholegrains 3kg,14.50,unit,4.83,kg
Dr. Beckmann Carpet Cleaning Brush 650ml,3.50,unit,5.38,ltr
Felight Cat Litter Freshener 300ml,1.20,unit,1.20,ea
Dreamies Adult 1+ Cat Treat Biscuits with Tuna 60g,95p,unit,15.83,kg
Butcher's Succulent Recipes Dog Food Trays 12x150g,5.75,unit,3.19,kg
Good Boy Pawsley & Co Chewy Chicken Fillets Dog Treats 80g,2.25,unit,28.13,kg
Bakers Joint Delicious Large Dog Treats Chicken 240g,1.90,unit,7.92,kg
Sainsbury's Cat Treat Snack Pockets with Turkey Beef & Duck 65g,70p,unit,10.77,kg
Whiskas in Gravy Wet Adult 1+ Mixed Cat Food Tin Meat 6x400g,4.50,unit,1.88,kg
Cesar Jelly Wet Senior 7+ Dog Food Tray Meaty Selection 4x150g,3.15,unit,5.25,kg
Sainsbury's Wild Bird Sunflower Hearts 1kg,2.50,unit,2.50,kg
Butcher's Loaf Recipes Dog Food Tins 6x390g,3.80,unit,1.62,kg
Pedigree Dentastix Daily Adult 1+ Large Dog Treats Dental Chews x28 Sticks,5.00,unit,4.63,kg
Whiskas in Jelly Wet Adult 1+ Mixed Cat Food Tin Meat 6x390g,4.50,unit,1.92,kg
Pedigree Dentastix Daily Adult 1+ Large Dog Treat Dental Chew Sticks x7,1.50,unit,5.56,kg
Butcher's Tripe Loaf Recipes 6x400g,3.80,unit,1.58,kg
Whiskas in Jelly Wet Adult 1+ Cat Food Tin Chicken 390g,85p,unit,2.18,kg
Harringtons Turkey & Veg Dry Adult Dog Food 5kg,8.50,unit,1.70,kg
Sainsbury's Dry Dog Food Mixer 4kg,3.40,unit,85p,kg
Go-Cat Adult Dry Cat Food Turkey And Veg 825g,2.25,unit,2.73,kg
Go-Cat Adult Dry Cat Food Tuna Herring And Veg 340g,1.20,unit,3.53,kg
Sainsbury's Dog Biscuit Small Bones 800g,1.70,unit,2.13,kg
Bakers Meaty Meals Adult Small Dry Dog Food Beef 1kg,2.75,unit,2.75,kg
Pedigree in Loaf Wet Adult 1+ Dog Food Tin Mixed Selection 6x400g,4.00,unit,1.67,kg
Sainsbury's Dog Biscuit Milky Bones for Small Dogs 400g,1.40,unit,3.50,kg
Febreze Pet Odour Eliminator Fabric Refresher Spray 500ml,2.50,unit,5.00,ltr
Oust Odour Eliminator Clean Scent 300ml,1.75,unit,5.83,ltr
Felix Soup Mixed Variety Fish 6x48g,1.50,unit,5.21,kg
Whiskas Dry Adult 1+ Cat Food Biscuits with Tuna 825g,3.00,unit,3.64,kg
Pedigree Dentastix Daily Adult 1+ Small Dog Treats Dental Chews x28 Sticks,5.00,unit,11.36,kg
Nature's Feast Feeder Supreme 1kg,2.20,unit,2.20,kg
Sainsbury's Adult Fine Flakes 1+ Adult Cat Food with Salmon in Jelly 100g,30p,unit,3.00,kg
Butcher's Traditional Recipes Dog Food Trays 12x150g,5.75,unit,3.19,kg
Sheba Classic Soups Wet Adult 1+ Cat Food Pouches with Chicken Fillets 4x40g,2.75,unit,17.19,kg
Bakers Joint Delicious Medium Dog Treats Chicken 180g,1.50,unit,8.33,kg
IAMS Vitality Vitality Adult Cat Chicken 2kg,11.00,unit,5.50,kg
Sainsbury's Lightweight Non-clumping Cat Litter 5L,3.00,unit,60p,ltr
Purina One Sensitive Dry Cat Food Turkey And Rice 800g,4.00,unit,5.00,kg
Go-Cat Senior Dry Cat Food Chicken Rice And Veg 825g,2.25,unit,2.73,kg
Gourmet Gold Melting Heart Cat Food Chicken 85g,55p,unit,6.47,kg
Bakers Meaty Twist Medium Dog Treats 180g,1.50,unit,8.33,kg
Encore Dog Tin Chicken Breast in Broth 156g,1.50,unit,9.62,kg
Sainsbury's Training Dog Treats Rich In Chicken 125g,80p,unit,6.40,kg
Felix Soup Farm Selection 6x48g,1.50,unit,5.21,kg
Lily's Kitchen Proper Food for Dogs Sunday Lunch 150g,95p,unit,6.33,kg
Purina Dentalife Small Dog Dental Chew X 7 115g,1.00,unit,8.69,kg
Sainsbury's Complete Nutrition 1+ Adult Cat Food with Salmon in Jelly 400g,45p,unit,1.13,kg
Good Boy Pawsley & Co Large Chewy Braid Dog Treats 1 Pack,2.50,unit,27.78,kg
Wagg Low Fat Dog Treats 125g,1.00,unit,8.00,kg
Felix Aa Good As It Looks Kitten Fish Selection in Jelly Wet Cat Food 12x100g,3.50,unit,2.92,kg
Whiskas Dry Adult 1+ Cat Food Biscuits with Tuna 2kg,4.50,unit,2.25,kg
Encore Cat Pouches Fish Selection in Jelly 5x50g,3.00,unit,12.00,kg
Thrive Cat Treats 100% Chicken 27g,3.10,unit,124.00,kg
Sainsbury's Complete Nutrition 1+ Adult Cat Food with Chicken 2kg,2.00,unit,1.00,kg
Sainsbury's Wild Bird Peanuts 750g,1.80,unit,2.40,kg
Bakers Meaty Meals Adult Dry Dog Food Beef 2.7kg,6.00,unit,2.22,kg
Go-Cat Kitten Dry Cat Food Chicken Milk And Veg 825g,2.25,unit,2.73,kg
Good Boy Pawsley & Co Tender Duck Fillets Dog Treats 80g,2.50,unit,31.25,kg
Lily's Kitchen Proper Food for Dogs Organic Chicken Supper with Carrots & Peas 150g,1.05,unit,7.00,kg
Sainsbury's Cat Treat Snack Pockets with Cheese 65g,70p,unit,10.77,kg
Purina One Senior 7+ Cat Food Chicken And Beef 8x85g,4.25,unit,6.25,kg
Pedigree Schmackos Dog Treats Chews Meat Variety Sticks x20,1.75,unit,12.15,kg
Good Boy Pawsley & Co Chicken Bites Dog Treats 65g,1.30,unit,20.00,kg
Butcher's Recipes in Jelly Wet Dog Food Tins 12x400g,7.25,unit,1.51,kg
Sheba Classic Soups Wet Adult 1+ Cat Food Pouches with Tuna Fillets  4x40g,2.75,unit,17.19,kg
Lily's Kitchen Proper Food for Dogs Chicken & Turkey Casserole 150g,95p,unit,6.33,kg
Good Boy Pawsley & Co Mega Chewy Twist with Chicken Dog Treats 70g,2.00,unit,28.57,kg
Purina One Light Dry Cat Food Chicken & Wheat 800g,4.00,unit,5.00,kg
RSPB Coconut Shell Suet Treats 290g,2.20,unit,2.20,ea
Whiskas in Gravy Wet Senior 7+ Cat Food  Pouches  Meaty Selection 12x100g,3.50,unit,2.92,kg
Lily's Kitchen Proper Food for Dogs Chicken & Turkey Casserole 400g,2.30,unit,5.75,kg
Sheba Select Slices in Gravy Mixed Wet Adult 1+ Cat Food Tray Poultry 12x85g,4.00,unit,3.92,kg
Good Boy Pawsley & Co Chewy Twists with Chicken Dog Treats 320g,7.50,unit,23.44,kg
Sainsbury's Fresh Breath Dental Sticks for Medium Dogs x14 360g,1.45,unit,4.03,kg
IAMS Vitality Small to Medium Adult Dry Dog Food Chicken 2kg,5.00,unit,2.50,kg
Naturo Senior Turkey Rice & Vegetable 400g,1.10,unit,2.75,kg
Gourmet Gold Tinned Cat Food Savoury Cake Beef 85g,55p,unit,6.47,kg
Pedigree Rodeo Dog Treats Chews with Chicken Sticks x7 123g,1.75,unit,14.23,kg
Lily's Kitchen Proper Food for Dogs Sunday Lunch 400g,2.30,unit,5.75,kg
Encore Whole Tuna Loin Cat Treat 30g,1.60,unit,53.33,kg
Butcher's Recipes in Jelly Wet Dog Food Tins 6x400g,3.80,unit,1.58,kg
Sainsbury's Complete Nutrition 7+ Senior Cat Food Meat & Fish Selection in Jelly 48 x 100g,8.00,unit,1.67,kg
Wagg Worker Complete Chicken & Veg Dry Dog 16kg,10.50,unit,66p,kg
Harringtons Lamb & Rice Dry Adult Dog Food 5kg,8.50,unit,1.70,kg
Sainsbury's Delicious Recipes 1+ Adult Cat Food Chicken Collection 6 x 85g,3.75,unit,7.35,kg
Butcher's Simply Gentle Dog Food Tins 6x390g,3.80,unit,1.62,kg
IAMS Vitality Adult Cat Ocean Fish 800g,3.50,unit,4.38,kg
Purina One Adult Dry Cat Food Chicken 200g,1.60,unit,8.00,kg
Butcher's Puppy Perfect Dog Food Trays 4x150g,2.00,unit,3.33,kg
Purina One Adult Cat Food Chicken and Beef 8x85g,4.25,unit,6.25,kg
Felix Goody Bag Cat Treats Original Mix 200g,2.50,unit,12.50,kg
IAMS Small to Medium Adult Dry Dog Food 800g,3.50,unit,4.38,kg
Sainsbury's Mini Log Bone Dog Treats with Chicken 200g,1.00,unit,5.00,kg
Butcher's Lean & Tasty Low Fat Dog Food Tins 6x400g,3.80,unit,1.58,kg
IAMS Vitality Senior & Mature Cat Chicken 2kg,11.00,unit,5.50,kg
Pedigree Dry Complete Adult 1+ Dog Food with Chicken 2.6kg,5.75,unit,2.21,kg
Harringtons Salmon & Potato Dry Adult Dog Food 2kg,4.30,unit,2.15,kg
Butcher's Recipes in Gravy Dog Food Tins 6x400g,3.80,unit,1.58,kg
Felix Goody Bag Cat Treats Seaside Mix 200g,2.50,unit,12.50,kg
Good Boy Pawsley & Co Hide Knotted Bone Dog Treats,1.55,unit,1.55,ea
Purina One Kitten Dry Cat Food Chicken & Wholegrain 800g,4.00,unit,5.00,kg
Forthglade Adult 1 Yr+ Turkey with Sweet Potato & Vegetables Complete Meal 395g,1.30,unit,3.29,kg
Purina One Coat And Hairball Dry Cat Food Chicken 800g,4.00,unit,5.00,kg
Sainsbury's Delicious Recipes 1+ Adult Cat Food Tuna Whole Loin with Shrimp 70g,70p,unit,10.00,kg
Perfect Fit Dry Senior 7+ Advanced Nutrition Dry Cat Food with Chicken 750g,4.75,unit,6.33,kg
Lily's Kitchen Proper Food for Dogs Cottage Pie 400g,2.30,unit,5.75,kg
Dreamies Cat Treats Biscuits with Chicken Mega Pack 200g,2.70,unit,13.50,kg
Good Boy Pawsley & Co Crunchy Chicken & Rice Bones Dog Treats 100g,2.50,unit,27.78,kg
Sainsbury's Complete Nutrition Adult Dog Food with Beef & Vegetables 2.5kg,2.50,unit,1.00,kg
Wagg Tasty Bones Dog Treats 150g,1.00,unit,6.67,kg
Sainsbury's Wild Bird Peanuts 2kg,4.50,unit,2.25,kg
IAMS Vitality Senior & Active Dry Dog Food 2kg,5.00,unit,2.50,kg
Go-Cat Senior Dry Cat Food Chicken Rice And Veg 2kg,4.00,unit,2.00,kg
Purina One Adult Dry Cat Food Salmon And Wholegrain 3kg,14.50,unit,4.83,kg
RSPB Square Cake With Mealworms 320g,2.20,unit,6.88,kg
Go-Cat Adult Dry Cat Food Tuna Herring And Veg 2kg,4.00,unit,2.00,kg
Sainsbury's Fresh Breath Dental Sticks for Large Dogs x14 540g,2.00,unit,3.70,kg
Purina One Indoor Dry Cat Food Turkey & Wholegrain 800g,4.00,unit,5.00,kg
Sainsbury's Complete Nutrition Adult Dog Food Loaf with Tripe Selection 6 x 400g,2.50,unit,1.04,kg
Lily's Kitchen Adult Organic Chicken Wet Complete Cat Food 85g,75p,unit,8.82,kg
Lily's Kitchen Proper Food for Dogs Slow Cooked Lamb Hotpot 400g,2.30,unit,5.75,kg
Lily's Kitchen Organic Fish Pat Cat Food 85g,75p,unit,8.82,kg
Sainsbury's Complete Nutrition 1+ Adult Cat Food with Lamb & Heart in Gravy 400g,45p,unit,1.13,kg
Whiskas Dry Senior 7+ Cat Food Biscuits with Chicken 1.9kg,4.50,unit,2.37,kg
Butcher's Simply Gentle Dog Food Trays 4x150g,2.00,unit,3.33,kg
Naturo Adult Dog Grain & Gluten Free 6 x 390g,5.50,unit,2.35,kg
Dentalife Medium Dog Dental Chew 5 X 23g,1.00,unit,8.69,kg
Gourmet Gold Melting Heart Cat Food Beef 8x85g,3.75,unit,5.51,kg
Wagg Worker Complete Beef & Veg Dry Dog 16kg,10.50,unit,66p,kg
Felix As Good As It Looks Senior Cat Food Meat 12x100g,3.50,unit,2.92,kg
Sainsbury's Wild Bird Peanut Fat Feast 280g,1.10,unit,3.93,kg
Good Boy Pawsley & Co Chicken Filled Bone Dog Treats,1.80,unit,12.00,kg
Whiskas in Jelly Wet Super Senior 11+ Cat Food Pouches Fish 12x100g,3.50,unit,2.92,kg
Bakers Dry Dog Food Beef and Veg 1.2kg,2.75,unit,2.29,kg
Pedigree Tasty Minis Dog Treats Chewy Cubes with Chicken & Duck 130g,1.00,unit,7.69,kg
Whiskas Anti Hairball Cat Treats Chicken 55g,1.00,unit,18.18,kg
Naturo Adult Dog Grain & Gluten Free Chicken with Sweet Potato Mixed Peppers & Green Beans 390g,1.05,unit,2.69,kg
Harringtons Turkey & Veg Dry Adult Dog Food 2kg,4.30,unit,2.15,kg
Pedigree in Jelly Wet Adult 1+ Dog Food Tin Meaty Mixed Variety 6x400g,4.00,unit,1.73,kg
Pedigree Dry Complete Adult 1+ Dog Foodwith Chicken 2.3kg,5.75,unit,2.13,kg
Sainsbury's Complete Nutrition 7+ Senior Cat Food with Chicken 1kg,1.05,unit,1.05,kg
Bakers Small Dry Dog Food Chicken and Veg 1.1kg,2.75,unit,2.50,kg
Whiskas Pure Delight Poultry Collection in Jelly Adult 1+ Wet Cat Food 40x85g,11.00,unit,3.24,kg
Sainsbury's Complete Nutrition 1+ Adult Cat Food Adult Meat Selection in Jelly 6x400g,2.60,unit,1.08,kg
IAMS Delights Adult Cat Pouches In Jelly 12x85g,4.00,unit,3.92,kg
Pedigree Dentastix Fresh Adult 1+ Large Dog Treats Dental Chews x28 Sticks,5.00,unit,4.63,kg
Pedigree Dentastix Low Fat Small & Medium Dog Dental Treat Chew x1 40g,50p,unit,12.50,kg
Sheba Classics Terrine Adult 1+ Mixed Cat Food Tray Ocean Collection 12x85g,4.00,unit,3.92,kg
Butcher's Puppy Perfect Dog Food Tins 6x400g,3.80,unit,1.58,kg
Forthglade Adult 1 Yr+ Lamb with Butternut Squash & Vegetables Complete Meal 395g,1.30,unit,3.29,kg
Sheba Sauce Lover in Sauce Adult 1+ Cat FoodTray Mixed Collection 12x85g,4.00,unit,3.92,kg
Pedigree Dentastix Daily Adult 1+ Large Dog Treats Dental Chews x56 Sticks,9.90,unit,4.58,kg
Good Boy Pawsley & Co Succulent Pigs in Blankets Dog Treats 80g,2.00,unit,25.00,kg
Sainsbury's Fresh Breath Dental Sticks for Small Dogs x14 220g,1.40,unit,6.36,kg
Sainsbury's Hypoallergenic Recipe Senior Dog Terrine with Fresh Salmon & Vegetables 395g,1.00,unit,2.53,kg
Purina One Urinary Care Dry Cat Food Chicken 800g,4.00,unit,5.00,kg
Whiskas Pure Delight Meaty Selection in Jelly Adult 1+ Wet Cat Food 12x85g,3.50,unit,3.43,kg
Sainsbury's Complete Nutrition Puppy Food Meat Selection in Jelly 6 x 400g,2.50,unit,1.04,kg
Sainsbury's Hypoallergenic Recipe Adult Dog Terrine with Fresh Chicken & Vegetables 395g,1.00,unit,2.53,kg
Pedigree Dentastix Fresh Adult 1+ Medium Dog Treats Dental Chews x28 Sticks,5.00,unit,6.94,kg
Whiskas in Jelly Wet Super Senior 11+ Cat Food Pouches Poultry 12x100g,3.50,unit,2.92,kg
Sainsbury's Complete Nutrition Senior Dog Food Meat Selection in Gravy 6 x 400g,2.50,unit,1.04,kg
IAMS Vitality Vitality Adult Cat Ocean Fish 2kg,11.00,unit,5.50,kg
Ambi Pur 3Volution Air Freshener Plug-In Refill Pet 20ml,5.00,unit,5.00,ea
Naturo Adult Dog Grain Free 6 x 400g,5.85,unit,2.44,kg
Winalot Perfect Portions Dog Food Mixed In Gravy 40X100g,9.50,unit,2.38,kg
Sainsbury's Delicious Recipes Adult Dog Food Chicken Collection 6 x 100g,4.20,unit,7.00,kg
Misfits Twistos Dog Treats Chews with Beef 105g,1.40,unit,13.33,kg
Sainsbury's Complete Nutrition 1+ Adult Cat Food Meat Selection in Jelly 12 x 100g,2.25,unit,1.88,kg
Winalot Dog Food Pouches Mixed in Gravy 24x100g,6.00,unit,2.50,kg
Sainsbury's Complete Nutrition Adult Dog Food Meat & Fish Selection in Jelly 6 x 400g,2.50,unit,1.04,kg
Dreamies Cat Treats Biscuits with Cheese Mega Pack 200g,2.70,unit,13.50,kg
Butcher's Lean & Tasty 12x400g,7.25,unit,1.51,kg
Purina One Senior 7+ Dry Cat Food Chicken 3kg,14.50,unit,4.83,kg
Sainsbury's Complete Nutrition Adult Dog Food with Lamb & Poultry in Gravy 400g,45p,unit,1.13,kg
Sainsbury's Delicious Recipes 1+ Adult Cat Food Chicken Breast 70g,70p,unit,10.00,kg
Sainsbury's Complete Nutrition 1+ Adult Cat Food with Chicken & Crunchy Snack Pockets 2kg,2.50,unit,1.25,kg
IAMS Delights Senior & Mature Cat Chicken 12x85g,4.00,unit,3.92,kg
Good Boy Pawsley & Co Chewy Chicken Strips Dog Treats 100g,2.50,unit,25.00,kg
Purina Dentalife For Cats Chicken 40g,1.00,unit,25.00,kg
Butcher's Tripe Dog Food Tins 6x400g,3.80,unit,1.58,kg
Good Boy Pawsley & Co Chewy Chicken Strips Dog Treats 350g,7.50,unit,21.43,kg
Encore Cat Tins Finest Selection in Broth 12x70g,11.00,unit,13.10,kg
Purina One Sensitive Dry Cat Food Turkey And Rice 3kg,14.50,unit,4.83,kg
Good Boy Pawsley & Co Tender Beef Fillets Dog Treats 90g,2.25,unit,25.00,kg
Pedigree Senior in Jelly 7+ Dog Food Pouches Mixed Selection 12x100g,3.50,unit,2.92,kg
Sainsbury's Small Animal Rabbit Nuggets with Mint 2kg,2.50,unit,1.25,kg
Sainsbury's Complete Nutrition Adult Worker Dog Food with Chicken & Vegetables 15kg,9.00,unit,60p,kg
Encore Cat Tins Fish Selection in Broth 12x70g,11.00,unit,13.10,kg
Purina Dentalife Salmon 40g,1.00,unit,25.00,kg
Sainsbury's Farmhouse Kitchen Puppy Food Pt with Chicken and Turkey 150g,45p,unit,3.00,kg
Felix Agail Gravy Lover Country 12x100g,3.50,unit,2.92,kg
Dreamies Cat Treats Biscuits with Tuna Mega Pack 200g,2.70,unit,13.50,kg
Felight Ultimate Performance Cat Litter Unscented 10L,5.50,unit,55p,ltr
Sainsbury's Complete Nutrition Adult Dog Food Meat Selection in Jelly 12 x 100g,2.40,unit,2.00,kg
Forthglade Adult 1 Yr+ Duck with Potato & Vegetables Complete Meal 395g,1.30,unit,3.29,kg
Sainsbury's Complete Nutrition Senior Dog Food with Chicken & Rice 2.5kg,2.50,unit,1.00,kg
Butcher's Lean & Tasty Low Fat Dog Food Trays 12x150g,5.75,unit,3.19,kg
Good Boy Pawsley & Co Pigs Ears Dog Treats 10 Pieces,7.00,unit,7.00,ea
Purina Dentalife Large Dog Dental Chew X 4 142g,1.00,unit,7.04,kg
Dreamies Mega Pack Adult 1+ Cat Treat with Chicken 350g,4.50,unit,12.86,kg
Webbox Chub Mixed Flavours 720g,65p,unit,90p,kg
Felix Kitten Cat Food Mixed Selection In Jelly 12X100g,3.00,unit,2.50,kg
Harringtons Small Dog Lamb Dry Dog Food 1.75kg,4.30,unit,2.46,kg
Pedigree Jumbone Medium Dog Treat with Beef & Poultry Chews x2 180g,1.75,unit,9.72,kg
Sainsbury's Complete Nutrition 1+ Adult Cat Food with Trout 2kg,2.00,unit,1.00,kg
Sainsbury's Complete Nutrition Adult Dog Food Loaf with Tripe 400g,50p,unit,1.25,kg
Lily's Kitchen Smooth Chicken Pat Cat Food 85g,70p,unit,8.23,kg
Dreamies Cat Treats Biscuits with Turkey 60g,95p,unit,15.83,kg
Gourmet Gold Pate 7+ Years 8x85g (680g),3.75,unit,5.51,kg
Aquarian Goldfish Food Flakes 50g,3.50,unit,70.00,kg
Sainsbury's Complete Nutrition Kitten Food with Chicken 1kg,1.05,unit,1.05,kg
Sainsbury's Complete Nutrition Adult Small Dry Dog Food with Chicken & Vegetables 2.5kg,2.50,unit,1.00,kg
Whiskas Dry Kitten 2-12 Months Cat Food Biscuits with Chicken 825g,3.00,unit,3.64,kg
Pedigree Rodeo Dog Treats Chews with Beef Sticks x7 123g,1.75,unit,14.23,kg
Whiskas Pure Delight Poultry Collection in Jelly Senior 7+ Wet Cat Food 12x85g,3.50,unit,3.43,kg
Winalot Perfect Portions Dog Food Mixed In Jelly 24X100g,6.00,unit,2.50,kg
Tetra Pond Fish Food Sticks 100g,2.75,unit,27.50,kg
IAMS Naturally Cat Land & Sea Selection In Gravy 12x85g,5.50,unit,5.39,kg
Vet's Kitchen Little Stars Smart Treats Chicken 80g,1.50,unit,18.75,kg
Encore Dog Tins Chicken Selection in Broth 5x156g,5.50,unit,7.05,kg
Harringtons Lamb & Rice Dry Adult Dog Food 2kg,4.30,unit,2.15,kg
Bakers Small Dry Dog Food Beef and Veg 2.85kg,6.00,unit,2.11,kg
Vet's Kitchen Little Stars Grain-Free Sensitive Treats Pork 80g,1.50,unit,18.75,kg
Bakers Adult Dry Dog Food Beef And Veg 12kg,20.00,unit,1.67,kg
Felix Tasty Shreds Meat In Gravy 12x80g,4.00,unit,4.17,kg
Pedigree Schmackos Dog Treats Chews with Poultry Sticks x20,1.75,unit,12.15,kg
Naturo Adult Dog Salmon and Rice with Vegetables 150g,80p,unit,5.33,kg
Perfect Fit Dry Adult 1+ Advanced Nutrition Dry Cat Food with Chicken 750g,4.75,unit,6.33,kg
Petface Cat Litter Scoop,1.00,unit,1.00,ea
Lily's Kitchen Smooth Chicken & Game Pat Cat Food 85g,70p,unit,8.23,kg
Dreamies Cat Treats Biscuits with Beef 60g,95p,unit,15.83,kg
Sainsbury's Complete Nutrition Puppy Food with Chicken & Rice 2.5kg,2.50,unit,1.00,kg
IAMS Small to Medium Puppy & Junior Dry Dog Food 2kg,5.00,unit,2.50,kg
HiLife FEED ME! Complete Nutrition with Turkey & Chicken Flavoured with Bacon & Vegetables 2kg,5.00,unit,2.50,kg
IAMS  Vitality Adult Cat Food Lamb 2kg,11.00,unit,5.50,kg
Gourmet Gold Gravy Collection Chunks In Gravy 8x85g (680g),3.75,unit,5.51,kg
Gourmet Nature's Creations Ocean Fish 85g,85p,unit,10.00,kg
Gourmet Gold Pate Recipes 8x85g (680g),3.75,unit,5.51,kg
Pedigree Dentastix Advanced Low Fat Small Dog Treats Dental Chew 40g,1.00,unit,12.50,kg
Pedigree Jumbone Small Dog Treats with Beef & Poultry Mini Chews  x4 160g,1.75,unit,10.94,kg
Bakers Senior Dry Dog Food Chicken and Veg 2.85kg,6.00,unit,2.11,kg
Good Boy Pawsley & Co Chewy Lamb Strips Dog Treats 80g,2.00,unit,25.00,kg
Felix Tasty Shreds Fish In Gravy 12x80g,4.00,unit,4.17,kg
Dreamies Mega Pack Cheese Adult 1+ Cat Treat 350g,4.50,unit,12.86,kg
Go-Cat Crunchy & Tender Senior Dry Cat Food Chicken 800g,2.30,unit,2.88,kg
Price's Chef's Candle Jar,5.00,unit,5.00,ea
Forthglade Adult 1 Yr+ Salmon with Potato & Vegetables Complete Meal 395g,1.30,unit,3.29,kg
Encore Dog Tins Finest Selection in Broth 5x156g,5.50,unit,7.05,kg
Go-Cat Adult Dry Cat Food Chicken And Duck 4kg,7.50,unit,1.88,kg
Webbox Premium Natural Mixed Fish & Meat Selection in Jelly 12 x 100g,3.50,unit,2.92,kg
Pedigree Dentastix Fresh Adult 1+ Small Dog Treats Dental Chews x28 Sticks,5.00,unit,11.36,kg
Burgess Excel Rabbit Nuggets 1.5kg,3.50,unit,2.33,kg
Gourmet Nature's Creations Chicken 85g,85p,unit,10.00,kg
Naturo Adult Dog Lamb & Rice with Vegetables 150g,80p,unit,5.33,kg
Encore Dog Pouch Finest Selection in Jelly 5x100g,5.25,unit,10.50,kg
Encore Dog Trays Pt Fresh Selection 5x150g,4.40,unit,5.87,kg
Bakers Dry Dog Food Beef and Veg 3kg,6.00,unit,2.00,kg
Sainsbury's Delicious Recipes 1+ Adult Cat Food Fish Collection 12 x 85g,7.20,unit,7.06,kg
Good Boy Pawsley & Co Chewy Chicken with Carrot Sticks Dog Treats 90g,2.25,unit,25.00,kg
Webbox Premium Natural Meat Selection in Gravy 12x100g,3.50,unit,2.92,kg
Sainsbury's Delicious Recipes 1+ Adult Cat Food Sardine and Tuna 70g,70p,unit,10.00,kg
Gourmet Perle Ocean Collection Mini Fillets in Gravy 40x85g (3400g),12.00,unit,3.53,kg
Perfect Fit Dry Adult 1+ Advanced Nutrition Dry Cat Food with Salmon 750g,4.75,unit,6.33,kg
Sainsbury's Complete Dry Hypoallergenic Recipe with Fresh Chicken 1+ Adult 800g,3.00,unit,3.75,kg
Sainsbury's Adult Fine Flakes 1+ Adult Cat Food Meat & Fish Selection in Jelly 6 x 100g,1.50,unit,2.50,kg
Encore Dry Cat Food Chicken 800g,5.85,unit,7.31,kg
Harringtons Turkey & Veg Dry Adult Dog Food 15kg,25.50,unit,1.70,kg
Bakers Meaty Meals Adult Dry Dog Food Chicken 2.7kg,6.00,unit,2.22,kg
Sainsbury's Complete Nutrition Adult Dry Dog Food Weight Control with Turkey & Rice 2.5kg,2.50,unit,1.00,kg
Lily's Kitchen Proper Food for Dogs Complete Nutrition Adult Chicken and Duck 1kg,6.20,unit,6.20,kg
Good Boy Pawsley & Co Chewy Chicken Variety Pack Dog Treats 320g,7.50,unit,23.44,kg
Pedigree Senior Complete Dry Dog Food with Chicken Rice & Vegetables 2.5kg,5.75,unit,2.30,kg
Encore Cat Pouches Fish Selection in Broth 10x70g,9.00,unit,12.86,kg
Pedigree Jumbone Small Dog Treats with Chicken & Lamb Mini Chews x4 160g,1.75,unit,10.94,kg
Burgess Excel Guinea Pig Nuggets 1.5kg,4.00,unit,2.67,kg
Sainsbury's Delicious Ocean Fish Cat Tin 70g,70p,unit,10.00,kg
Sheba Fresh Choice Fish Mixed Collection in Gravy Adult Wet Cat Food Pouches 15 x 50g,3.70,unit,4.93,kg
IAMS for Vitality Senior Cat Food With Fresh Chicken 800g,3.50,unit,4.38,kg
HiLife It's Only Natural The Jelly Selection 5 x 100g (500g),4.75,unit,9.50,kg
Sainsbury's Adult Hypoallergenic Recipe Complete Dry with Fresh Salmon 1+ Adult 800g,3.00,unit,3.75,kg
HiLife FEED ME! Complete Nutrition with Beef Flavoured with Cheese & Vegetables 2kg,5.00,unit,2.50,kg
Good Boy Pawsley & Co Beef Rolls Bumper Pack Dog Treats 18 Pack,7.00,unit,15.56,kg
Lily's Kitchen The Best Ever Beef Mini Burgers Dog Treats 70g,2.00,unit,28.57,kg
Felix Kitten Cat Food Mixed In Jelly 12X100g,3.00,unit,2.50,kg
Lily's Kitchen Puppy Recipe 400g,2.30,unit,5.75,kg
Purina One Dualnature Dry Cat Food Chicken 750g,4.00,unit,5.33,kg
Aquarian Tropical Fish Food Flakes 50g,4.70,unit,94.00,kg
Encore Dog Tins Beef Selection in Gravy 5x156g,5.50,unit,7.05,kg
Sainsbury's Treats Snack Pockets with Chicken 200g,1.60,unit,8.00,kg
Crave Grain Free Dry Protein Strips Dog Treat Natural Turkey & Chicken 55g,2.50,unit,45.45,kg
Lily's Kitchen Chomp-Away Chicken Bites Dog Treats 70g,2.00,unit,28.57,kg
Vax Spot & Stain Cleaner,4.00,unit,4.00,ea
Sainsbury's Farmhouse Kitchen Adult Dog Food Meat & Fish Selection in Jelly 12 x 100g,2.60,unit,2.17,kg
Sainsbury's Adult Fine Flakes  7+ Senior Cat Food Meat & Fish Selection in Jelly 12 x 100g,2.75,unit,2.29,kg
Sainsbury's Treats Snack Pockets with Cheese 200g,1.60,unit,8.00,kg
Encore Dry Cat Food Chicken & Salmon 800g,5.85,unit,7.31,kg
Sainsbury's Adult Fine Flakes 1+ Adult Cat Food Fish Selection in Jelly 12 x 100g,2.75,unit,2.29,kg
Sainsbury's 2in1 Gentle Shampoo & Conditioner for Dogs Mixed Coats 500ml,3.00,unit,60p,100ml
Bob Martin Spot On Flea & Tick 24 Week Protection For Cats & Kittens 12+ Weeks,9.00,unit,1.50,ea
Sainsbury's Adult Fine Flakes 1+ Adult Cat Food Meat Selection in Jelly 12 x 100g,2.75,unit,2.29,kg
Pedigree Jumbone Medium Dog Treat with Chicken & Lamb Chews x2 180g,1.75,unit,9.72,kg
HiLife Chicken Breast Treats 10g,1.50,unit,150.00,kg
Petface Cat Bowl,1.20,unit,1.20,ea
Go-Cat Crunchy And Tender Kitten Dry Cat Food Chicken 800g,2.30,unit,2.88,kg
Bakers Small Dry Dog Food Beef and Veg 1.1kg,2.75,unit,2.50,kg
IAMS Vitality Dry Cat Food for Senior Cats with Ocean Fish 800g,3.50,unit,4.38,kg
Sainsbury's Hypoallergenic Recipe Adult Dog Food with Fresh Lamb 2kg,6.00,unit,3.00,kg
Bob Martin Flea Tablets Cats & Dogs Under 11kg x3,6.00,unit,2.00,ea
Forthglade Adult 1 Yr+ Turkey with Sweet Potato & Vegetables Complete Meal 150g,75p,unit,5.00,kg
Pedigree Tasty Minis Dog Treats Chewy Slices with Beef & Poultry 155g,1.00,unit,6.45,kg
Petface Cat Litter Tray Small,5.35,unit,5.35,ea
Webbox Fish Selection in Jelly 12x100g,3.50,unit,2.92,kg
Sheba Fine Flakes Fish Selec Grav 12x85g,4.00,unit,3.92,kg
Lily's Kitchen Proper Food for Dogs Complete Nutrition Adult Chicken and Duck 2.5kg,15.50,unit,6.20,kg
Sainsbury's Complete Nutrition Adult Dog Food with Chicken & Vegetables 15kg,10.00,unit,67p,kg
Flash for Pet Lovers Floor Cleaner & Odour Remover 1L,2.00,unit,2.00,ltr
Gourmet Gold Pate Collection with Vegetables 8x85g (680g),3.75,unit,5.51,kg
Bob Martin Home Flea Spray 200ml,3.60,unit,3.60,ea
Vet's Kitchen Little Hearts Crunchy Chicken and Duck Treats 60g,1.00,unit,16.67,kg
Vet's Kitchen Adult 1+ Years Chicken & Brown Rice 3kg,12.00,unit,4.00,kg
IAMS for Vitality Light in Fat Cat Food With Fresh Chicken 2kg,11.00,unit,5.50,kg
Sainsbury's Hypoallergenic Recipe Adult Dry Dog Food with Fresh Chicken 2kg,6.00,unit,3.00,kg
Sainsbury's Delicious Recipes 1+ Adult Cat Food Premium Collection 12 x 70g,7.20,unit,8.57,kg
IAMS Vitality ProActive Health Adult 1-6 Years Small & Medium Breed Dry Dog Food 5kg,17.00,unit,3.40,kg
Sainsbury's 2in1 Sensitive Shampoo & Conditioner for Dogs Fragrance Free 500ml,3.00,unit,60p,100ml
Cesar Senior 10+ Wet Dog Food Pouches Mixed Selection In Jelly 12x100g,5.60,unit,4.67,kg
Bakers Puppy Dry Dog Food Chicken and Veg 1.1kg,2.75,unit,2.50,kg
Good Boy Pawsley & Co Cheesy Chicken Sticks Dog Treats 80g,2.25,unit,28.13,kg
Bakers Senior Dry Dog Food Chicken and Veg 1.1kg,2.75,unit,2.50,kg
Vet's Kitchen Little Hearts Finest Salmon and Trout Treats 60g,1.00,unit,16.67,kg
Good Boy Pawsley & Co Chewy Chicken Dumbbells Dog Treats 350g,7.50,unit,21.43,kg
Harringtons Chicken Dy Adult Cat Food 800g,1.62,unit,2.02,kg
IAMS Vitality Adult Cat Food With Fresh Chicken 800g,3.50,unit,4.38,kg
Forthglade Complete Meal Adult 1Yr+ 6x395g,7.00,unit,2.95,kg
IAMS for Vitality Senior Cat Food With Ocean Fish 2kg,11.00,unit,5.50,kg
Bob Martin Spot On Dewormer Cats & Kittens x4,9.00,unit,2.25,ea
Sainsbury's Treats Cat Snack Pockets Salmon 200g,1.60,unit,8.00,kg
Crave Grain Free Dry Protein Chunks Dog Treat Natural Chicken 55g,2.50,unit,45.45,kg
Vet's Kitchen Senior 7+ Years Salmon & Brown Rice 3kg,12.00,unit,4.00,kg
Bob Martin Cats & Kittens Reflective Flea Repel Collar,4.00,unit,4.00,ea
Gourmet Nature's Creations Slow Cooked Mini Chicken / Turkey Fillets 8x85g (680g),4.00,unit,5.88,kg
Crave Grain Free Dry Turkey & Chicken Dry Natural Dog Food 1kg,3.50,unit,3.50,kg
HiLife It's Only Natural The Broth Collection 5 x 100 (500g),4.75,unit,9.50,kg
Lily's Kitchen Woofbrush Medium Natural Dental Dog Chew x7 196g,5.50,unit,28.06,kg
Petface Stainless Steel Medium Dog Bowl,2.75,unit,2.75,ea
Bob Martin All In 1 Flea Spray 300ml,6.00,unit,6.00,ea
IAMS Vitality ProActive Health Dog Food for Overweight Dogs for All Breeds 2kg,5.00,unit,2.50,kg
Purina One Senior 11+ Cat Food Chicken and Whole Grain 800g,4.00,unit,5.00,kg
Vet's Kitchen Adult Sensitive Grain-Free Pork & Potato 2.2kg,12.50,unit,5.68,kg
Pooch & Mutt Chkn Pumpkin & Pea 375g,1.25,unit,3.34,kg
IAMS for Vitality Kitten Food with Fresh Chicken 2kg,11.00,unit,5.50,kg
Harringtons Chicken Senior Dy Adult Cat Food 800g,1.62,unit,2.02,kg
Sainsbury's Small Animal Hamster Gerbil & Mouse Nuggets 1kg,1.50,unit,1.50,kg
Good Boy Pawsley & Co Chewy Bones Wrapped with Chicken Dog Treats 7 Pieces,2.25,unit,17.86,kg
Harringtons Salmon Dy Adult Cat Food 800g,1.62,unit,2.02,kg
Bob Martin Cats & Kittens Flea Repel Collar,4.00,unit,4.00,ea
Good Boy Pawsley & Co Mega Chewy Twist with Duck Dog Treats 70g,2.00,unit,28.57,kg
Lily's Kitchen Proper Food For Dogs Complete Nutrition Adult 8+ Salmon & Trout 1kg,6.20,unit,6.20,kg
Sainsbury's Adult Fine Flakes 1+ Adult Cat Food Meat & Fish Selection in Jelly 48 x 100g,9.50,unit,1.98,kg
Petface Laser Chaser Toy,4.30,unit,4.30,ea
Pooch & Mutt Turkey & Chicken 375g,1.25,unit,3.34,kg
Gourmet Perle Chef's Collection Mini Fillets in Gravy x40 85g,12.00,unit,3.53,kg
IAMS Naturally Cat Salmon & Rice 700g,4.50,unit,6.43,kg
Lily's Kitchen Proper Food for Dogs Complete Nutrition Puppy Chicken & Scottish Salmon 1kg,6.20,unit,6.20,kg
Good Earth Turmeric Lemon Tea Bags x15,2.00,unit,5.13,100g
Harringtons Senior Complete Dog Food 2kg,4.30,unit,2.15,kg
Bob Martin 2 in 1 Dewormer Tablets x2,6.25,unit,6.25,ea
Petface Melamine Double Cat Bowl,2.20,unit,2.20,ea
Good Boy Pawsley & Co Mega Chewy Chicken with Carrot Stick Dog Treats 100g,2.00,unit,20.00,kg
Cesar Adult Wet Dog Food Pouches Mixed Selection in Sauce 12x100g,5.60,unit,4.67,kg
Sainsbury's Goldfish Flake Food 100g,2.50,unit,25.00,kg
Pedigree Adult Wet Dog Food Pouches Mixed Variety in Gravy 40x100g,11.00,unit,2.75,kg
Encore Chicken Selection Cat Pouch 5x50g,3.00,unit,12.00,kg
IAMS Naturally Cat Lamb & Rice 700g,4.50,unit,6.43,kg
Dentalife Sticks Medium Dog Chews x24 552g,4.00,unit,7.25,kg
IAMS ProActive Health Dog Food with Chicken for Large Breeds 2kg,5.00,unit,2.50,kg
Crave Grain Free Dry Lamb & Beef Dry Natural Dog Food 1kg,3.50,unit,3.50,kg
Harringtons Lamb & Rice Dry Adult Dog Food 15kg,25.50,unit,1.70,kg
Whiskas Crunch Tasty Topping Adult 1+ Cat Treats 100g,1.00,unit,10.00,kg
Bakers Dry Dog Food Chicken and Veg 3kg,6.00,unit,2.00,kg
Bakers Small Dry Dog Food Chicken and Veg 2.85kg,6.00,unit,2.11,kg
Pedigree Schmackos Dog Treats Chews Meat Variety Sticks x110,5.70,unit,7.22,kg
Encore Fish Selection Cat Pouches 5x50g,3.00,unit,12.00,kg
Bakers Weight Control Dry Dog Food Chicken 2.85kg,6.00,unit,2.11,kg
Good Earth Moroccan Mint Tea Bags x15,2.00,unit,7.41,100g
Pooch & Mutt Turkey & Hemp Probiotic Meaty Treats for Calming 120g,2.00,unit,16.67,kg
Butcher's Lean & Tasty 20% Less Fat Made with Chicken Naturally Meaty Treats 80g,2.25,unit,28.13,kg
Harringtons Grain Free Turkey & Veg Dry Adult Dog Food 2kg,5.00,unit,2.50,kg
Adventuros Rich in Venison with Ancient Grain and Superfoods 120g,2.00,unit,16.66,kg
Dentalife Sticks Small Dog Chews x30 490g,4.00,unit,8.16,kg
HiLife Duck Breast Treats 10g,1.50,unit,150.00,kg
Harringtons Grain Free Mixed Selection Complete Adult Dog Food 6x400g,6.80,unit,2.83,kg
Adventuros Rich in Buffalo with Ancient Grain and Superfoods 120g,2.00,unit,16.66,kg
Good Boy Pawsley & Co Succulent Pigs in Blankets Dog Treats 320g,7.50,unit,23.44,kg
Perfect Fit Dry 2-12 Months Kitten Advanced Nutrition Dry Cat Food Chicken 750g,4.75,unit,6.33,kg
Cesar Senior 10+ Wet Dog Food in Delicate Jelly x8 150g,5.60,unit,4.67,kg
Perfect Fit Dry Sensitive Advanced Nutrition >10kg  Dry Cat Food Turkey 750g,4.75,unit,6.33,kg
Burgess Excel Feeding Hay with Meadow Flowers 500g,3.00,unit,6.00,kg
Sainsbury's Joint Aid Sticks For Dogs x14 350g,4.00,unit,11.43,kg
Petface Cat Slicker Brush,5.25,unit,5.25,ea
Petface Cat Finger Teaser,3.25,unit,3.25,ea
Petface Catkins Mini Mice Tails x3,3.25,unit,1.08,ea
Dentalife Sticks Large Dog Chews x18 636g,4.00,unit,6.29,kg
Burgess Excel Gnaw Sticks 90g,2.00,unit,22.22,kg
Crave Grain Free Dry Protein Chew Dog Treat Natural Beef Liver 110g,3.50,unit,31.82,kg
Petface Flea & Dust Comb,3.25,unit,3.25,ea
Lily's Kitchen Adult Delicious Chicken & Healthy Herbs Dry Complete Cat Food 800g,8.00,unit,10.00,kg
Butcher's Simply Gentle with Prebiotic Made with Turkey Naturally Meaty Treats 80g,2.25,unit,28.13,kg
Good Boy Chompers 100% Natural Dental Bone Dog Treats 60g,1.25,unit,20.83,kg
Good Boy Chewy Chicken and Rice Sticks 90g,2.50,unit,27.78,kg
Crave Grain Free Dry Natural Cat Food Kibble with Turkey & Chicken 750g,3.50,unit,4.67,kg
Petface Flared Ceramic Cat Bowl Red Hearts,4.35,unit,4.35,ea
Encore Fish Selection Cat Tins 4x70g,3.90,unit,13.93,kg
Lily's Kitchen Pat Selection 8x85g,6.00,unit,8.82,kg
Scrumbles Chicken Cat Food 85g,85p,unit,10.00,kg
HiLife it's only natural The Chicken One in Jelly Adult Complete Wet Cat Food x8 70g,4.50,unit,8.04,kg
Butcher's Joints & Coat Dog Food Trays x4 150g,2.00,unit,3.33,kg
Encore Chicken Selection Cat Tins 4x70g,3.90,unit,13.93,kg
Crave Grain Free Dry Salmon & Whitefish Dry Natural Cat Food 750g,3.50,unit,4.67,kg
Scrumbles Tuna Cat Food 85g,85p,unit,10.00,kg
Harringtons Grain Free Turkey & Veg Complete Adult Dog Food 400g,1.00,unit,2.50,kg
Denzel's Nut Butter Bites Peanut Cashews & Turkey 100g,2.50,unit,25.00,kg
Petface Disco Cat Ball,3.30,unit,3.30,ea
Webbox Lick-e-Lix Jelly with Chicken & Sweet Potato x5 50g,1.00,unit,20.00,kg
Scrumbles Salmon Cat Food 85g,85p,unit,10.00,kg
Harringtons Grain Free Salmon Dry Adult Dog Food 2kg,5.00,unit,2.50,kg
Purina One Dualnature Dry Cat Food Chicken 2.8kg,15.00,unit,5.36,kg
Lily's Kitchen Chicken Tasty Cuts in Gravy for Cats 85g,80p,unit,9.41,kg
Pedigree Good Chew Adult 1+ Low Fat Medium Dog Treat Beef 88g,2.00,unit,22.73,kg
Natures Menu Country Hunter 80% Wild Venison with Superfoods 400g,2.40,unit,6.00,kg
Barking Heads Fusspot Natural Adult Dog Food with Salmon 1kg,4.50,unit,4.50,kg
Good Boy Pawsley & Co Tender Duck Fillets Dog Treats 320g,7.50,unit,23.44,kg
Peamutt Peanut Butter For Dogs 340g,2.30,unit,6.76,kg
Pooch & Mutt Small Dog Complete Dry Food 1.5kg,5.50,unit,3.67,kg
Natures Menu Country Hunter 80% Pheasant & Goose with Superfoods 400g,2.40,unit,6.00,kg
HiLife it's only natural The TunaOne in Jelly Adult Complete Wet Cat Food x8 70g,4.50,unit,8.04,kg
Natures Menu Country Hunter 80% Farm Reared Turkey with Superfoods 400g,2.40,unit,6.00,kg
Butcher's Joints & Coat Nourishing Food for Dogs x6 390g,3.80,unit,1.62,kg
Pooch & Mutt Shrimp & Coconut Probiotic Meaty Treats for Skin & Coat 120g,2.00,unit,16.67,kg
Barking Heads Tender Loving Care Natural Adult Dog Food Chicken 1kg,4.50,unit,4.50,kg
Little Petface Freddi & Lulu Cord Toys,4.00,unit,4.00,ea
Pedigree Wet Dog Food Mixed Selection Jelly 40x100g,11.50,unit,2.88,kg
Pooch & Mutt Chicken Pumpkin & Pea x6,10.50,unit,4.67,kg
Pooch & Mutt Adult Complete Dry Food 1.5kg,5.50,unit,3.67,kg
Pascoe's Adult Cat Food Tasty Chunks in Jelly 1 to 7 Years 12x100g (1.2kg),2.50,unit,2.08,kg
Petface Squeak & Flash Mouse,4.35,unit,4.35,ea
Pooch & Mutt Puppy Complete Dry Food 1.5kg,5.50,unit,3.67,kg
IAMS Vitality Hairball Cat Food With Fresh Chicken 800g,3.50,unit,4.38,kg
Forthglade Cold Pressed Chicken with Vegetables 2Months+ 2.5kg,12.50,unit,5.00,kg
Webbox Naturals Lamb & Chicken with Whole Grains & Vegetables Senior 7+ Years 650g,1.60,unit,2.46,kg
Petface Scoop Bowl Small,2.70,unit,2.70,ea
Beaphar Toothbrush & Toothpaste,5.00,unit,5.00,ea
Thrive PremiumPlus Grain-Free Cat Food Chicken 1.5kg,10.30,unit,6.87,kg
Petface Puppy Pads X100,13.00,unit,13p,ea
Bob Martin Clear 3 in 1 Wormer 150/144/5mg Tablets for Dogs 2 Tablets,7.00,unit,3.50,ea
Seasnax Original Handcrafted Salmon Skin Dog Treats 40g,3.00,unit,75.00,kg
Harringtons Chicken Dy Adult Cat Food 2kg,6.00,unit,3.00,kg
Vax Steam Detergent Pet 1L,10.00,unit,10.00,ea
Lily's Kitchen Tasty Cuts in Gravy Multipack for Cats x8 85g,7.00,unit,10.29,kg
Forthglade Lamb & Chicken Complete Meal for Small Dogs Adult 1 Yr+ x8 150g,5.50,unit,4.58,kg
Hilife Feed Me! Something Special Complete Nutrition with Chicken & Lamb 1.8kg,5.00,unit,2.78,kg
Pedigree Dentastix Daily Medium Dental Dog Chews ClipStrip Stick x3 77g,1.00,unit,33p,ea
Meatiful British Chicken with Brown Rice Complete Dog Food 320g,2.30,unit,7.19,kg
Petface Retractable Dog Lead Medium,9.50,unit,9.50,ea
Vet's Kitchen 80% Chicken 2 Weeks Complete Natural Cat Food 770g,7.00,unit,9.09,kg
Bob Martin Clear Plus Spot-On Solution Cats and Ferrets 50mg,11.00,unit,5.50,ea
HiLife it's only natural Chicken Breast Cat Treats 30g,3.80,unit,126.67,kg
Forthglade Duck & Turkey Complete Meal for Small Dogs Adult 1 Yr+ x8 150g,5.50,unit,4.58,kg
Denzel's Superfood Bites Banana Berries & Salmon 100g,2.50,unit,25.00,kg
Scrumbles Chicken Adult & Senior Dry Cat Food 750g,7.00,unit,9.33,kg
Good Boy Natural Carrot with Tasty Chicken Dog Treats 85g,3.00,unit,35.29,kg
Bob Martin Clear Plus Spot-On Solution Small Dogs 67mg,9.00,unit,9.00,ea
Good Boy Natural Apple with Tasty Chicken Dog Treats 85g,3.00,unit,35.29,kg
Good Boy Natural Dental Sticks Medium Dog Treats x7,2.50,unit,36p,ea
IAMS for Vitality Senior Dog Dry Food Small/Medium Breed With Fresh Chicken 5kg,17.00,unit,3.40,kg
Bob Martin Clear Plus Spot-On Solution Large Dogs 268mg,10.00,unit,10.00,ea
Hilife it's only natural Luxury Wholesome Hamper Adult Dog Food Pouches x18 100g,15.50,unit,8.61,kg
Bob Martin Clear Plus Spot-On Solution Medium Dogs 134mg,10.00,unit,10.00,ea
Good Boy Natural Banana with Tasty Chicken Dog Treats 85g,3.00,unit,35.29,kg
IAMS Adult Cat Food With Salmon 800g,3.50,unit,4.38,kg
Good Boy Natural Dental Toothbrushes Medium Dog Treats x2 70g,2.00,unit,28.57,kg
Meatiful Farm-Reared Lamb with Brown Rice & Vegetables Complete Dog Food 320g,2.30,unit,7.19,kg
Forthglade Sardines & Haddock with Potato & Broccoli Complete Meal Adult 1 yr+ 395g,1.30,unit,3.29,kg
Aquarian Tap Water Safe 118ml,2.65,unit,2.25,100ml
Felix Soup Tender Strips 648g,1.90,unit,6.60,kg
Forthglade Complete Meal Adult 1 Yr+ x6 395g,7.00,unit,2.95,kg
Webbox Premium Natural Senior Cat Selection in Jelly Age 7+ Years 12x100g,3.50,unit,2.92,kg
Petface Super Tennis Balls Dog Toys x3 6cm,3.00,unit,1.00,ea
Gourmet Revelations Mousse with Chicken and a Cascading Gravy 4x57g (228g),2.75,unit,12.06,kg
Purina ONE Light Dry Cat Food Chicken and Wheat 3kg,14.50,unit,4.83,kg
Felix Soup Tender Strips 648g,1.90,unit,6.60,kg
Lily's Kitchen Wholesome Veggie Feast Adult Wet Dog Food 375g,2.20,unit,5.87,kg
Harringtons Small Dog Turkey & Rice Dry Dog Food 1.75kg,4.30,unit,2.46,kg
Sainsbury's Home Pet Bowl Small,4.00,unit,4.00,ea
Petface Squeaky Doggy Bone Dog Toy,4.00,unit,4.00,ea
Gourmet Revelations Mousse with Salmon and a Cascading Gravy 4x57g,2.75,unit,12.06,kg
Felix Naturally Delicious Poultry Selection in Jelly Wet Cat Food 12x80g,5.00,unit,5.21,kg
Gourmet Mon Petit Mixed Variety Cat Food 12x50g,2.90,unit,4.83,kg
Felix Naturally Delicious Farm Selection in Jelly Wet Cat Food 12x80g,5.00,unit,5.21,kg
Vet's Kitchen Adult Cat Fresh Salmon 770g,7.00,unit,9.09,kg
Meowing Heads Paw Lickin' Chicken Complete Cat Food Adult 450g,4.00,unit,8.89,kg
Gourmet Revelations Mousse with Beef and a Cascading Gravy 4x57g,2.75,unit,12.06,kg
Petface Furry Carrot Dog Toy,4.00,unit,4.00,ea
Felix Tasty Shreds Mixed Selection in Gravy Wet Cat Food 40x80g,12.50,unit,3.91,kg
Petface Toyz Woven Knotted Rope Bone Dog Toy,4.00,unit,4.00,ea
Barking Heads Little Paws Bowl Lickin Chicken with Salmon 1kg,4.50,unit,4.50,kg
Harringtons Mixed Wet Adult Cat Food Multipack 8x85g,3.75,unit,5.51,kg
Lily's Kitchen Fish & Healthy Herbs Cat Food 800g,8.00,unit,10.00,kg
Petface Fetch & Throw Squeaky Rugby Tennis Ball,4.00,unit,4.00,ea
Petface Seriously Strong Dental Ring Dog Toy,5.00,unit,5.00,ea
Petface Chubby Chimp Dog Toy,6.00,unit,6.00,ea
Scrumbles Gluten Free Complete Adult Dry Cat Food Chicken and Salmon 750g,7.00,unit,9.33,kg
Gourmet Nature's Creations Slow Cooked Mini Fillets 8x85g,5.50,unit,8.09,kg
Harringtons Chicken Wet Adult Cat Food Multipack 8x85g,3.75,unit,5.51,kg
Petface Toyz Rope Ball Dog Toy,4.00,unit,4.00,ea
Petface Squeaky Pheasant Dog Toy,6.00,unit,6.00,ea
Petface Tennis Balls For Dogs x12 6cm,10.00,unit,83p,ea
Petface Woodland Critter Dog Toy,4.00,unit,4.00,ea
Petface Large Octopus Dog Toy,10.00,unit,10.00,ea
Barking Heads Plant-Powered Pooches Bag 1kg,4.50,unit,4.50,kg
Purr & Miaow Grainfree Duck and Turkey Food 1.5kg,9.50,unit,6.33,kg
Scrumbles Complete Wet Food for Cats 6x85g,4.80,unit,9.41,kg
Petface Shaggy Monkey Dog Toy,5.00,unit,5.00,ea
Petface Medium Slicker Brush,2.50,unit,2.50,ea
Petface Toyz Treat Ball 9cm,7.00,unit,7.00,ea
Felix Naturally Delicious Mixed Selection in Jelly Wet Cat Food 40x80g,16.00,unit,5.00,kg
Purina one Senior 11+ Chicken & Wholegrain 3kg,14.50,unit,4.83,kg
Toyz Space Ball Medium,4.00,unit,4.00,ea
Petface Ceramic Bowl Grey Dots 15cm,5.00,unit,5.00,ea
Harringtons Salmon Wet Adult Cat Food Multipack 8x85g,3.75,unit,5.51,kg
Petface Seriously Strong Figure of 8 Rope Toy,3.00,unit,3.00,ea
Petface Small Plush Snake Dog Toy 70cm,6.00,unit,6.00,ea
Purr & Miaow Grainfree Salmon and Herring with Apple Cranberry and Blueberry Food 1.5kg,9.50,unit,6.33,kg
Petface Toyz Rope Character Dog Toy,5.00,unit,5.00,ea
Petface Mini Tennis Balls For Dogs x5,4.00,unit,80p,ea
Petface Furry Stick Dog Toy Small,4.00,unit,4.00,ea
Petface Toyz Treat Bone Dispenser 13cm,5.00,unit,5.00,ea
Petface Toyz Twist Ring Dog Toy,4.00,unit,4.00,ea
Petface Parlour Luxury Microfibre Dog Towel,12.00,unit,12.00,ea
Petface Seriously Strong Teething Chew,4.00,unit,4.00,ea
Petface Toyz Squeak Ball Dog Toy 9cm,6.00,unit,6.00,ea
Petface Seriously Strong Nobbly Crocodile,10.00,unit,10.00,ea
Petface Multi Squeak Duck,6.00,unit,6.00,ea
Petface Walk Me Cherry/White Dots Dog Collar Medium,4.50,unit,4.50,ea
Petface Farmyard Buddies Crinkle Flat Pig Dog Toy,6.00,unit,6.00,ea
Petface Parlour Groom Me Grooming Mitt,5.00,unit,5.00,ea
Petface Flashing Flash Tag Red L.E.D,3.00,unit,3.00,ea
Petface Walk Me Cherry/White Dots Dog Lead Medium,5.00,unit,5.00,ea
Petface Toyz Nylon Treat Bone 12cm,5.00,unit,5.00,ea
Petface Plush Snake Dog Toy Large,10.00,unit,10.00,ea
Petface Large Rubber Ring Dog Toy,5.00,unit,5.00,ea
Petface Seriously Strong Bone Tread,6.00,unit,6.00,ea
Petface Walk Me Cherry/White Dots Dog Collar Small,4.00,unit,4.00,ea
Petface Seriously Strong Extreme Tugger,5.00,unit,5.00,ea
Petface Toyz Large Rubber Ring,7.00,unit,7.00,ea
Petface Farmyard Buddies Rubber Tum Chicken,5.00,unit,5.00,ea
Scrumbles Complete Wet Food for All Lifestages Dogs 6x395g,11.00,unit,4.64,kg
Petface Walk Me Red Tonal Dots Dog Harness Small,6.00,unit,6.00,ea
Petface Walk Me Red Tonal Dots Dog Harness Large,8.00,unit,8.00,ea
Petface Walk Me Cherry/White Dots Dog Collar Large,5.00,unit,5.00,ea
Petface Bright+Safe Dog Collar Medium,5.50,unit,5.50,ea
Petface Toyz Crinkle Dumbell 15cm,7.00,unit,7.00,ea
Frontline HomeGard Household Flea Spray 500ml,15.00,unit,3.00,100ml
Petface Outdoor Paws Slip Lead 200cm,6.00,unit,6.00,ea
Petface Bright+Safe Dog Collar Large,6.00,unit,6.00,ea
Petface Bright+Safe Dog Collar Small,5.00,unit,5.00,ea
Edgard Cooper Yummy Norwegian Salmon for Adult Dogs 1kg,7.00,unit,7.00,kg
Petface Toyz Rugby Tugger Large,12.00,unit,12.00,ea
Petface Toyz Rugby Tugger Small,6.00,unit,6.00,ea
Edgard Cooper Venison & Free-Run Duck for Adult Dogs 1kg,7.00,unit,7.00,kg
Edgard Cooper Succulent Free-Run Chicken for Adult Dogs 1kg,7.00,unit,7.00,kg
